번호,사업장명,도로명전체주소,소재지면적,X,Y
1590,주식회사 이마트 둔산점,대전광역시 서구 둔산북로 41 (둔산동),9623.17,127.3781994,36.3563924
1810,이천일아울렛 수원점,경기도 수원시 팔달구 중부대로 34-15 (인계동),8235.79,127.0204576,37.2753233
2624,홈플러스(주)안산고잔점,경기도 안산시 단원구 광덕대로 175 (고잔동),15909.39,126.8288912,37.3119235
2655,(주)이마트 고잔점,경기도 안산시 단원구 원포공원1로 46-0 (초지동),13872,126.8129766,37.3031237
3425,(주)이마트 연제점,부산광역시 연제구 연수로 89 (연산동),13800,129.0813305,35.176078
1780,(주)이마트 수원점,경기도 수원시 권선구 경수대로 270 (권선동),10907.67,127.020664,37.2506804
2015,삼성테스코(주)홈플러스 광주하남점,광주광역시 광산구 용아로 390 (하남동),9993,126.8053815,35.1779701
2016,삼성테스코(주) 홈플러스 광주하남점,광주광역시 광산구 용아로 390 (하남동),9993,126.8053815,35.1779701
3526,이마트 트레이더스 비산점,대구광역시 서구 팔달로 54 (비산동),9375.95,128.5560176,35.8898892
3529,홈플러스(주),대구광역시 서구 달구벌대로 1821 (내당동),8916.96,128.563607,35.8604708
3698,(주)이마트,강원도 태백시 굴거랑길 4 (화전동),3176.01,128.962077,37.1999282
1044,(주)이마트 역삼점,서울특별시 강남구 역삼로 310 (역삼동),5174,127.048347,37.499232
1054,롯데쇼핑(주) 롯데마트 이천점,"경기도 이천시 구만리로 191 (안흥동, 롯데캐슬 골드스카이)",14460.81,127.4545202,37.2745508
1058,(주)이마트이천점,경기도 이천시 이섭대천로 1440-50 (증포동),8879,127.4588823,37.2936833
1063,(주)이마트 여주점,경기도 여주시 세종로 151,7955.23,127.6356679,37.284267
1067,홈플러스 평택안중,경기도 평택시 안중읍 서동대로 1489,16000,126.9163861,36.9901567
1068,홈플러스 송탄점,경기도 평택시 경기대로 1103 (장당동),10343.35,127.0594877,37.0450477
1069,롯데쇼핑(주) 롯데마트 평택점,경기도 평택시 평택5로 30 (합정동),11450.91,127.1117367,36.9882918
1073,주)이마트평택점,경기도 평택시 영신로 29 (지제동),9364,127.0755267,37.0211768
1077,(주)이마트파주점,경기도 파주시 당하길 10 (당하동),9184.17,126.7510499,37.7469616
1078,(주)이마트 파주운정점,경기도 파주시 한울로 123 (동패동),10417.88,126.7450974,37.7103901
1079,홈플러스(주)파주문산점,경기도 파주시 문산읍 방촌로 1759,10326.4,126.7855296,37.869865
1080,신세계 이마트 파주점,경기도 파주시 교하동 당하길 10,0,126.7510499,37.7469616
1088,(주)이마트 트레이더스 구성점,경기도 용인시 기흥구 용구대로 2457 (보정동),10715,127.1053196,37.3048479
1089,(주)이마트 수지점,경기도 용인시 수지구 수지로 203 (신봉동),11448.84,127.083334,37.3197457
1091,(주)이마트 동백점,경기도 용인시 기흥구 동백죽전대로 444 (중동),6797.48,127.1516212,37.2780841
1095,(주)이마트 오산점,경기도 오산시 경기대로 181 (원동),11742,127.0727016,37.1406517
1096,롯데쇼핑(주) 롯데마트 오산점,경기도 오산시 경기대로 271 (오산동),8575,127.0730556,37.1494583
1097,코스트코홀세일 공세점,경기도 용인시 기흥구  탑실로  38 (공세동),13960.94,127.109026,37.2382763
1098,롯데쇼핑(주) 롯데마트 신갈점,경기도 용인시 기흥구 신갈로58번길 16 (신갈동),15152.38,127.1074315,37.2721724
1104,(주)이마트 흥덕점,경기도 용인시 기흥구 흥덕중앙로 60 (영덕동),9170.24,127.0733247,37.275749
1106,(주)농협유통하나로클럽 용인점,경기도 용인시 기흥구 중부대로 682 (상하동),4292.69,127.1361284,37.2661678
1111,(주) 이마트 충주점,"충청북도 충주시 중원대로 3420, 이마트 (문화동)",8429.86,127.9237733,36.9721524
1112,롯데쇼핑(주)롯데마트충주점,충청북도 충주시 봉계1길 49 (칠금동),9854.37,127.9144291,36.9819597
1116,롯데쇼핑(주) 롯데마트 제천점,충청북도 제천시 용두대로 111 (하소동),2996.85,128.2007763,37.1401347
1117,(주)이마트 제천점,충청북도 제천시 장평천로 11 (강제동),8257.41,128.2229125,37.1232079
1121,이마트 트레이더스 천안아산점,충청남도 아산시 배방읍 고속철대로 133,11107.3,127.1056762,36.7964374
1124,(주)이마트 아산점,충청남도 아산시 온천대로 1678 (풍기동),7087.63,127.0218759,36.7767634
1137,롯데쇼핑(주)롯데마트서산점,충청남도 서산시 충의로 25-12 (예천동),8324.71,126.4399905,36.77334
1138,이마트 서산점,"충청남도 서산시 서해로 3685 (잠홍동,외 7필지)",9972.4,126.4787076,36.7883403
1139,롯데쇼핑(주)롯데마트서산점,충청남도 서산시 충의로 27 (예천동),8324.71,126.4386306,36.7735655
1142,홈플러스(주)보령점,"충청남도 보령시 명암1길 17 (명천동, 홈플러스)",8967,126.6138624,36.3440495
1156,(주)메가마트 메가도매센터 천안점,충청남도 천안시 서북구 천안대로 1348 (신당동),9626,127.1523997,36.861708
1157,홈플러스(주) 천안신방점,충청남도 천안시 동남구 신촌1길 23 (신방동),14350,127.12054,36.7871311
1162,롯데쇼핑(주) 롯데마트 당진점,충청남도 당진시 정안로 20 (원당동),10356.86,126.6462921,36.9058163
1167,홈플러스(주) 논산점,충청남도 논산시 시민로 187 (내동),10121,127.0982976,36.1835351
1172,홈플러스(주)울산북구점,울산광역시 북구 신답로 26-0 (상안동),8510,129.3448249,35.630075
1173,홈플러스테스코(주),울산광역시 북구 상안동 322-9,8510,129.3448249,35.630075
1174,코스트코 홀세일 울산점,울산광역시 북구 효문동 진장유통로 78-12,12588.13,129.3588099,35.5770754
1177,롯데쇼핑(주)롯데마트 진장점,울산광역시 북구 진장유통로 64 (진장동),17669.2,129.3590122,35.5759916
1178,(주)이마트속초점,강원도 속초시 청호대교로 12 (청호동),19530,128.5919317,38.2070876
1179,속초농협하나로마트엑스포지점,강원도 속초시 동해대로 4202 (교동),4179.81,128.5789983,38.1945657
1182,(주)이마트 동해점,강원도 동해시 천곡로 100 (천곡동),6585.16,129.1171169,37.5240033
1190,홈플러스(주)삼척점,강원도 삼척시  중앙로  258 (당저동),13710.13,129.1682984,37.4464153
1192,롯데쇼핑(주) 롯데마트 사하점,부산광역시 사하구 을숙도대로 610 (장림동),9547.15,128.9715718,35.0847859
1205,홈플러스(주)장림점,부산광역시 사하구 다대로 225 (장림동),7485.44,128.9782549,35.0824336
1206,서원유통탑마트신평점,부산광역시 사하구 하신중앙로 210 (신평동),3793,128.9621193,35.0969491
1226,(주)메가마트 동래점,부산광역시 동래구 충렬대로 197 (명륜동),13191.43,129.081149,35.2046443
1227,롯데쇼핑(주) 롯데마트 동래점,부산광역시 동래구 중앙대로 1393 (온천동),11436.38,129.0775407,35.2116532
1229,홈플러스(주) 동래점,부산광역시 동래구 중앙대로 1523 (온천동),13895,129.0855674,35.2214155
1253,홈플러스 부산정관점,부산광역시 기장군 정관면 정관5로 50,7556.89,129.1763814,35.3230245
1254,(주)메가마트 기장점,부산광역시 기장군 일광면 기장대로 673,7372.53,129.2222023,35.254527
1264,홈플러스(주) 계산점,인천광역시 계양구 오조산공원로 14 (계산동),16072,126.7361779,37.5394366
1265,(주)이마트 계양점,인천광역시 계양구 봉오대로 785 (작전동),13534,126.7369861,37.5311018
1266,홈플러스(주) 작전점,인천광역시 계양구 계양대로 27 (작전동),18735,126.7213659,37.5262124
1267,롯데쇼핑(주) 롯데마트 계양점,인천광역시 계양구 장제로 822 (계산동),19418,126.7359954,37.5408673
1296,(주)이마트 구로점,서울특별시 구로구 디지털로32길 43 (구로동),9927.72,126.8979245,37.4843997
1301,(주) 이마트 신도림점,"서울특별시 구로구 새말로 97 (구로동,외 31필지)",7337,126.8902727,37.5071154
1308,홈플러스(주) 신도림점,"서울특별시 구로구 경인로 661, 신도림1차푸르지오 (신도림동)",11914,126.8862023,37.5085458
1336,홈플러스(주)월드컵점,"서울특별시 마포구 월드컵로 240 (성산동,월드컵경기장내)",17687.3,126.8972563,37.5682439
1338,홈플러스 합정점,"서울특별시 마포구 양화로 45 (서교동, 메세나폴리스)",14201,126.913864,37.5509719
1339,(주)이마트 마포점,서울특별시 마포구  백범로  212 (신공덕동),5687.96,126.9535831,37.5423563
1340,(주)이마트 마포점,서울특별시 마포구 백범로 212 (신공덕동),5687.96,126.9535831,37.5423563
1348,(주)이마트명일점,서울특별시 강동구 고덕로 276 (명일동),8659,127.1559543,37.5546537
1352,홈플러스 강동점,서울특별시 강동구 양재대로 1571 (천호동),14176,127.1422718,37.5456978
1357,(주)이마트천호점,서울특별시 강동구 천호대로 1017 (천호동),9081,127.1256514,37.5386108
1361,(주) 이마트 창동점,서울특별시 도봉구 노해로65길 4 (창동),4297.5,127.0471262,37.6519934
1363,홈플러스(주)방학점,서울특별시 도봉구 도봉로 678 (방학동),15851.56,127.0436973,37.6648684
1369,홈플러스(주) 조치원점,세종특별자치시 조치원읍 허만석로 60,8459.4,127.2977552,36.5863439
1372,코스트코 홀세일 세종점,"세종특별자치시 종합운동장1로 14, 코스트코 세종점 (대평동)",13750.56,127.2691593,36.4675456
1373,이마트 세종점,"세종특별자치시 금송로 687, 이마트세종점 (가람동)",13996.41,127.2509843,36.4709026
1377,홈플러스(주) 울산점,울산광역시 중구 번영로 475 (복산동),17700,129.3347578,35.5643385
1380,(주)이마트 춘천점,강원도 춘천시 경춘로 2353 (온의동),9722.01,127.7186871,37.863719
1385,(주)이마트강릉점,강원도 강릉시 경강로 2398-10 (송정동),8263.39,128.9226585,37.7706008
1399,(주) 이마트 마산점,경상남도 창원시 마산합포구 서성로 3 (중앙동3가),11192,128.5698425,35.197881
1402,롯데쇼핑(주) 롯데마트 시티세븐점,경상남도 창원시 의창구 원이대로 320 (대원동),10040.05,128.6528052,35.2400178
1404,내서농업협동조합 하나로마트,경상남도 창원시 마산회원구 내서읍 유통단지로 23,5335.55,128.5124902,35.254539
1406,롯데쇼핑(주)롯데마트진해점,경상남도 창원시 진해구 진해대로 762 (석동),11630.56,128.6987551,35.1581115
1443,롯데쇼핑(주) 롯데마트 마산점,경상남도 창원시 마산합포구 신마산시장길 33 (창포동3가),9420.86,128.5607235,35.1812744
1444,(주) 이마트 창원점,경상남도 창원시 성산구 원이대로 608 (중앙동),10909,128.6801495,35.2265084
1448,홈플러스 창원점,경상남도 창원시 의창구 창원대로 415 (팔용동),30100,128.6436053,35.2339916
1470,롯데쇼핑(주) 롯데마트 창원중앙점,경상남도 창원시 성산구 중앙대로 123 (중앙동),13646,128.6802173,35.2254083
1471,홈플러스 마산점,경상남도 창원시 마산회원구 삼호로 56 (양덕동),27678.74,128.5857347,35.2225941
1474,홈플러스 진해점,경상남도 창원시 진해구 충장로 356 (이동),12780,128.691173,35.1531972
1497,(주)이마트 금정점,부산광역시 금정구 중앙대로1841번길 24 (구서동),14644.91,129.0905689,35.2504127
1510,홈플러스(주) 부산감만점,부산광역시 남구 우암로 124 (감만동),9882,129.0822327,35.121518
1511,(주) 이마트 문현점,부산광역시 남구 전포대로91번길 47 (문현동),12661.45,129.0642186,35.1442934
1518,홈플러스(주)동대전점,대전광역시 동구 한밭대로 1282 (용전동),16908.55,127.437349,36.3538106
1519,홈플러스(주)대전가오점,대전광역시 동구 은어송로 72 (가오동),8435.05,127.45803,36.3068969
1520,홈플러스(주) 동대전점,대전광역시 동구 한밭대로 1282 (용전동),16908.55,127.437349,36.3538106
1522,이마트 대전터미널점,"대전광역시 동구 동서대로 1689 (용전동,외 2필지)",23787.54,127.4366058,36.3502562
1523,(주)이마트 대전터미널점,대전광역시 동구 동서대로 1689 (용전동),23787,127.4366058,36.3502562
1540,(주)이마트 대전터미널점,대전광역시 동구 동서대로 1689-0 (용전동),23787.54,127.4366058,36.3502562
1542,홈플러스(주)대전가오점,대전광역시 동구 은어송로 72 (가오동),8435.05,127.45803,36.3068969
1548,홈플러스(주) 대전가오점,대전광역시 동구 은어송로 72 (가오동),8435.05,127.45803,36.3068969
1555,홈플러스 주식회사 대전둔산점,"대전광역시 서구 문예로 107 (둔산동, 홈플러스대전둔산점)",15442,127.3891632,36.3563949
1564,이마트 트레이더스 월평점,대전광역시 서구 한밭대로 580 (월평동),11319,127.3629017,36.3577178
1583,(주)이마트트레이더스 월평점,"대전광역시 서구 한밭대로 580, 신세계이마트 (월평동)",11319,127.3629017,36.3577178
1593,이마트 봉선점,광주광역시 남구 봉선로 198 (봉선동),19781,126.9161115,35.1223686
1595,홈플러스(주) 안동점,"경상북도 안동시 경동로 656, 홈플러스 (운흥동)",19660,128.7295693,36.5626584
1600,홈플러스(주),경상북도 문경시 모전로 65 (모전동),9503.99,128.1902385,36.5873233
1607,엘마트,"경기도 구리시 동구릉로136번길 57, 구리유통종합상가 할인점동 (인창동)",18408.86,127.141227,37.6120612
1608,맘마마트 천안점,충청남도 천안시 서북구 월봉로 95 (쌍용동),8226,127.1173987,36.8001927
1609,다농엘마트,충청북도 청주시 흥덕구 엘지로 34 (화계동),10859.11,127.4368086,36.6612782
1612,오창할인마트,충청북도 청주시 청원구 오창읍 공항로 1033-23,6835.73,127.4507377,36.7395489
1615,홈플러스(주) 익산점,전라북도 익산시 무왕로 1035 (영등동),20617,126.9722978,35.9588637
1616,(주)이마트 익산점,전라북도 익산시 평동로 705 (동산동),12344,126.9578268,35.930493
1617,롯데쇼핑(주)롯데마트 익산점,전라북도 익산시 무왕로 1053 (영등동),11765,126.9742243,35.9590515
1626,롯데쇼핑(주)롯데마트 청주점,충청북도 청주시 흥덕구 풍산로 15 (가경동),6409.18,127.4319728,36.6267212
1643,홈플러스(주) 동청주점,충청북도 청주시 청원구 충청대로 114 (율량동),15531,127.4944935,36.6665206
1644,롯데쇼핑(주) 롯데마트상당점,충청북도 청주시 상당구 용암북로160번길 60 (용암동),7957,127.5161374,36.6204147
1646,홈플러스(주) 오창점,충청북도 청주시 청원구 오창읍 중심상업1로 8-11,10672,127.4282041,36.7130199
1649,홈플러스(주)청주점,충청북도 청주시 흥덕구 서부로 1291  (가경동),22763,127.4422399,36.6154415
1651,홈플러스(주) 청주성안점,충청북도 청주시 상당구 사직대로 346  (서문동),9830.56,127.4858029,36.6360228
1656,(주)이마트청주점,충청북도 청주시 서원구 청남로 1853 (미평동),9517,127.4748254,36.6008999
1663,(주) 이마트 트레이더스 군포점,경기도 군포시 삼성로 74 (부곡동),11524,126.9346485,37.3401261
1667,동두천농협하나로마트,경기도 동두천시 중앙로 207 (생연동),3713.88,127.0522094,37.899578
1668,(주)이마트 산본점,경기도 군포시 산본로 347 (산본동),12198,126.9314405,37.3610379
1676,(주)이마트안성,경기도 안성시 중앙로 246 (석정동),10035.66,127.2559717,37.012713
1678,안성축산농협 하나로마트,경기도 안성시 안성맞춤대로 833 (계동),4326.62,127.268045,36.9887817
1679,서안성농협 하나로마트,경기도 안성시 공도읍 덕봉서원로 68,5620.51,127.1723872,37.0099248
1680,(주)이마트 안성점,경기도 안성시 중앙로 246 (석정동),10035.66,127.2559717,37.012713
1681,롯데쇼핑(주)롯데마트안성점,경기도 안성시 공도읍 서동대로 4478,13587.5,127.1994902,37.0077497
1688,롯데쇼핑 (주) 롯데마트 청라점,"인천광역시 서구 청라커낼로 252, 롯데마트 (청라동)",10761.59,126.6466482,37.5309209
1692,롯데쇼핑 (주) 롯데마트 검단점,"인천광역시 서구 원당대로 581, 롯데마트 (마전동)",10964.68,126.6644976,37.5945283
1693,홈플러스 가좌점,인천광역시 서구 가정로151번길 11 (가좌동),14700.94,126.6707482,37.4976678
1697,엠에스리테일,강원도 춘천시 건일길 79,3820.61,127.760243,37.8904091
1699,롯데쇼핑(주)롯데마트 석사점,강원도 춘천시 세실로 108-0,6272,127.7587971,37.8666101
1700,홈플러스(주)춘천점,"강원도 춘천시 김유정로 1840 (퇴계동, 홈플러스 춘천점)",12426,127.7342579,37.8509606
1704,춘천철원화천양구축산농협 하나로마트(퇴계점),강원도 춘천시 지석로 11 (퇴계동),6447.28,127.7376003,37.8537162
1709,롯데쇼핑(주)롯데마트 춘천점,"강원도 춘천시 방송길 84 (온의동, 롯데마트 춘천점)",14598.79,127.7180777,37.868565
1720,농협하나로마트창원점,경상남도 창원시 의창구 지귀로12번길 31 (봉곡동),7033.22,128.652239,35.2433922
1725,롯데쇼핑(주) 롯데마트 양덕점,경상남도 창원시 마산회원구 삼호로 80 (양덕동),15537.26,128.5854664,35.2250022
1740,홈플러스(주) 문경점,경상북도 문경시 모전로 65 (모전동),9503.99,128.1902385,36.5873233
1745,홈플러스(주) 춘천점,"강원도 춘천시 김유정로 1840, 홈플러스 (퇴계동)",0,127.7342579,37.8509606
1749,홈플러스 광양점,"전라남도 광양시 항만11로 70, 홈플러스 광양점 (중동)",13558.2,127.6941432,34.9284818
1774,이마트 세종점,"세종특별자치시 금송로 687, 이마트세종점 (가람동)",13996.41,127.2509843,36.4709026
1775,이마트 하남점,"경기도 하남시 덕풍서로 70, 하남풍산지구 이마트 (덕풍동)",14148.62,127.2053884,37.5527531
1779,(주)이마트 트레이더스 수원점,경기도 수원시 영통구 삼성로 2 (신동),13669.94,127.048598,37.2460693
1782,롯데쇼핑(주) 롯데마트 광교점,경기도 수원시 팔달구 효원로 241 (인계동),13912.61,127.0287264,37.2636323
1783,홈플러스(주) 서수원점,경기도 수원시 권선구 금곡로 236 (금곡동),20860.31,126.9559166,37.2744022
1801,홈플러스(주) 원천점,경기도 수원시 영통구 중부대로 437 (원천동),9326.64,127.0636523,37.2701042
1802,(주)이마트 광교점,경기도 수원시 영통구 광교로 191 (이의동),16100.78,127.04695,37.2963456
1808,(주)이마트 서수원점,경기도 수원시 권선구 수인로 291 (구운동),14301,126.9701471,37.2826276
1809,홈플러스(주) 영통점,경기도 수원시 영통구 봉영로 1576 (영통동),16100,127.0726035,37.2518104
1811,홈플러스(주) 북수원점,경기도 수원시 장안구 경수대로 930 (조원동),20000.14,127.0087993,37.3027723
1812,롯데쇼핑(주) 롯데마트 천천점,경기도 수원시 장안구 만석로19번길 25-10 (천천동),6535.57,126.9822781,37.2962397
1816,홈플러스(주) 동수원점,경기도 수원시 팔달구 효원로 257 (인계동),16703.75,127.030113,37.2627606
1817,롯데쇼핑(주) 롯데마트 영통점,경기도 수원시 영통구 봉영로 1579 (영통동),30647,127.0716566,37.2527311
1833,이마트과천점,경기도 과천시 별양상가3로 11-0 (별양동),9798,126.991875,37.4263009
1840,롯데쇼핑(주) 롯데마트 동두천점,경기도 동두천시 평화로2169번길 21 (송내동),8798.06,127.0532925,37.8807019
1842,코스트코 홀세일 송도점,인천광역시 연수구 송도동 컨벤시아대로230번길 60,13875.64,126.6333034,37.3896581
1845,롯데쇼핑(주) 롯데마트 송도점,인천광역시 연수구 컨벤시아대로 177 (송도동),10874,126.6433215,37.3883138
1849,롯데마트연수점,인천광역시 연수구 청능대로 87 (청학동),9196.74,126.6751794,37.4151294
1851,롯데마트연수점,인천광역시 연수구 청능대로 87 (청학동),9196.74,126.6751794,37.4151294
1852,홈플러스 인천연수점,인천광역시 연수구 청능대로 210 (동춘동),27543,126.6829321,37.4058994
1856,이마트 연수점,인천광역시 연수구 경원대로 184 (동춘동),18016,126.6811213,37.4041762
1860,홈플러스 원주점,강원도 원주시 치악로 1489 (관설동),18737.35,127.9673262,37.3177228
1862,(주)이마트원주점,강원도 원주시 북원로 1928 (무실동),8136.9,127.9190224,37.3206553
1871,롯데쇼핑(주)롯데마트 원주점,강원도 원주시 봉화로 1 (단계동),12044.4,127.9275509,37.3456306
1874,롯데쇼핑(주) 롯데마트 거제점,"경상남도 거제시 서간도길 9-9 (옥포동, 거제엘크루랜드마크,롯데마트)",10876.03,128.6911015,34.888166
1879,홈플러스거제점,경상남도 거제시 장평로 12 (장평동),7936,128.6164996,34.8909831
1887,홈플러스(주) 밀양점,경상남도 밀양시 점필재로 45 (내이동),8136.4,128.7407534,35.4889063
1897,농협하나로클럽부전점,부산광역시 부산진구 중앙대로783번길 14 (부전동),4373.5,129.0623521,35.1627972
1901,(주)이마트 트레이더스 서면점,부산광역시 부산진구 시민공원로 31 (부암동),11498.58,129.0525859,35.163865
1905,홈플러스(주) 서면점,부산광역시 부산진구 동천로 4 (전포동),11036.25,129.0639778,35.1493974
1919,롯데쇼핑(주) 롯데키즈마트 부산점,부산광역시 부산진구 신천대로 241 (부암동),15674.78,129.0493183,35.1632804
1937,홈플러스(주) 부산반여점,부산광역시 해운대구 선수촌로21번길 37 (반여동),10277,129.1157291,35.1964436
1946,(주)이마트 해운대점,부산광역시 해운대구 좌동순환로 511 (중동),11193,129.1673648,35.1659952
1951,홈플러스 센텀시티점,부산광역시 해운대구 센텀동로 6 (우동),17827,129.1336792,35.1708851
1954,홈플러스(주) 해운대점,부산광역시 해운대구 해운대해변로 140 (우동),44290,129.1464788,35.1583707
2007,삼성테스코(주) 홈플러스 계림점,광주광역시 동구 무등로 314 (계림동),11182,126.916636,35.1614484
2010,롯데백화점,광주광역시 동구 독립로 268 (대인동),38394.6,126.9121725,35.1545669
2013,롯데쇼핑(주) 롯데마트 수완점,광주광역시 광산구 장신로 98 (장덕동),8499,126.8203263,35.1891404
2017,주식회사 이마트 광산점,광주광역시 광산구 사암로 172 (우산동),9342,126.8085955,35.1600915
2018,롯대쇼핑(주)롯데마트첨단점,"광주광역시 광산구 첨단강변로99번길 22 (쌍암동, 롯데마트)",8467.14,126.8522575,35.2163261
2029,이마트 화성봉담점,경기도 화성시 봉담읍 효행로 278,10611.17,126.9726992,37.2225926
2031,이마트 봉담점,경기도 화성시 봉담읍 동화리 133번지 1호 외 25필지,10611.17,126.9710096,37.2225509
2032,홈플러스(주) 화성향남점,경기도 화성시 향남읍 향남로 402,16403,126.9218235,37.1307608
2034,홈플러스(주)화성동탄점,경기도 화성시 동탄중앙로 200 (반송동),7668.62,127.068292,37.2027931
2036,(주)이마트동탄점,경기도 화성시 동탄중앙로 376 (석우동),16336.64,127.0798413,37.2146427
2037,홈플러스(주) 병점점,경기도 화성시 경기대로 985 (병점동),13591.83,127.0367491,37.2037483
2039,(주)이마트 서귀포점,"제주특별자치도 서귀포시 일주동로 9209, 이마트서귀포점 (법환동)",7537.19,126.5091172,33.2483316
2046,(주)농협하나로유통 하나로마트포항점,경상북도 포항시 북구 장량로 171 (양덕동),6842.33,129.3986238,36.0821239
2062,홈플러스 서울남현점,서울특별시 관악구 과천대로 909 (남현동),14784,126.9823836,37.4714074
2073,홈플러스 시흥점,서울특별시 금천구 시흥대로 201 (시흥동),14972,126.9007973,37.4519168
2090,이마트 별내점,"경기도 남양주시 순화궁로 167, 이마트 (별내동)",10940.95,127.1259726,37.6428097
2091,롯데쇼핑(주)롯데마트 마석점,경기도 남양주시 화도읍 경춘로 1992,8090.9,127.3093241,37.6501437
2094,(주) 이마트 경기광주점,경기도 광주시 광주대로 30 (경안동),6673.32,127.2612366,37.4096389
2096,(주)이마트 다산점,"경기도 남양주시 도농로 24 (다산동, 부영애시앙)",10760,127.158687,37.6085378
2097,(주)이마트 남양주점,경기도 남양주시 늘을2로 27 (호평동),10925.67,127.2430702,37.6550533
2098,롯데쇼핑(주)롯데마트덕소점,경기도 남양주시 와부읍 월문천로 33,7189,127.214503,37.5847203
2101,홈플러스(주) 김포풍무점,경기도 김포시 풍무로 167 (풍무동),14125.61,126.7236031,37.6099499
2102,롯데쇼핑(주) 롯데마트 김포한강점,경기도 김포시 김포한강2로 41-0 (장기동),0,126.6774525,37.6405173
2105,트레이더스 김포점,"경기도 김포시 김포대로 715, 트레이더스 김포점 (풍무동)",15477.73,126.730854,37.6124789
2107,이마트 김포한강점,경기도 김포시 김포한강7로 71 (구래동),12339.22,126.6282877,37.6443347
2108,롯데쇼핑(주) 롯데마트 김포한강점,경기도 김포시 김포한강2로 41 (장기동),11900.82,126.6774525,37.6405173
2113,홈플러스 주식회사 김포점,경기도 김포시 중봉로 14 (감정동),12971,126.6986026,37.6238496
2120,(주)이마트트레이더스송림점,인천광역시 동구 봉수대로 82 (송림동),12123,126.6604013,37.4830715
2124,(주)이마트 사천점,경상남도 사천시 삼천포대교로 591 (좌룡동),6659.99,128.0771234,34.95073
2126,(주)이마트 사천점,경상남도  삼천포대교로 591 (외 9필지),6659.99,128.6923639,35.2379862
2127,홈플러스 삼천포점,경상남도 사천시 중앙로 165 (벌리동),13008,128.0799492,34.9405055
2128,홈플러스 삼천포점,경상남도 사천시 중앙로 165 (벌리동),13008,128.0799492,34.9405055
2133,(주)이마트 상주점,경상북도 상주시 경상대로 3141 (만산동),6771,128.1510828,36.4278248
2134,(주)이마트 상주점,경상북도 상주시 경상대로 3141 (만산동),6771,128.1510828,36.4278248
2138,금오G7 스퀘어,경상북도 구미시 봉곡동 33번지 3호 외 7필지,11235.05,128.3146884,36.139317
2144,(주)광주신세계이마트,광주광역시 서구 죽봉대로 61 (화정동),13309,126.882053,35.1588176
2145,이마트 광주점,"광주광역시 서구 죽봉대로 61, 광주 이마트 (화정동)",13309,126.882053,35.1588176
2148,(주)광주신세계이마트,"광주광역시 서구 죽봉대로 61 (화정동, 광주 이마트)",13309,126.882053,35.1588176
2155,롯데쇼핑(주)롯데마트상무점,"광주광역시 서구 시청로 40 (치평동, 롯데마트 상무점)",0,126.8524211,35.1523661
2160,(주)홈마트,"충청북도 충주시 대소원면 기업도시로 26, (주)홈마트",6668,127.8351741,37.0010799
2165,일등마트,경상남도 김해시 활천로267번길 31 (삼방동),5713.83,128.9080668,35.2457273
2166,홈플러스(주),"경기도 안산시 단원구 광덕대로 175, 삼성홈플러스 (고잔동)",15909.39,126.8288912,37.3119235
2212,홈플러스(주)포항점,경상북도 포항시 남구 중흥로 77 (상도동),8903.45,129.3489104,36.0127225
2215,홈플러스(주)죽도점,경상북도 포항시 북구 중흥로 328 (죽도동),5748.53,129.3650964,36.0308343
2216,롯데쇼핑(주) 롯데마트 포항점,경상북도 포항시 남구 지곡로 237 (지곡동),3411.57,129.3246455,36.027665
2229,롯데쇼핑(주)롯데마트 송파점,서울특별시 송파구 중대로 80 (문정동),17693,127.1177733,37.4917424
2231,롯데마트 잠실점,서울특별시 송파구 올림픽로 240 (잠실동),20982,127.0970365,37.5112468
2236,홈플러스(주)잠실점,서울특별시 송파구 올림픽로35가길 16 (신천동),13934.64,127.1030052,37.5162751
2258,(주)이마트 양재점,"서울특별시 서초구 매헌로 16 (양재동,하이브랜드 지하1층)",9250,127.0369441,37.4624667
2259,킴스클럽,서울특별시 서초구 잠원로 69 (잠원동),3752,127.0069895,37.5102628
2262,롯데쇼핑(주) 롯데마트 서초점,서울특별시 서초구 서초동 1498-5,12066.12,127.0056607,37.4902033
2264,코스트코코리아,서울특별시 서초구 양재대로 159 (양재동),9977.11,127.036182,37.4619559
2284,롯데마트 월드타워점,"서울특별시 송파구 올림픽로 300, 롯데월드타워앤드롯데월드몰 (신천동)",6665.89,127.1026725,37.5128846
2309,주식회사 이마트 청계천점,서울특별시 중구 청계천로 400-0 (황학동),20144.48,127.021309,37.5708783
2313,롯데쇼핑(주)롯데마트서울역점,서울특별시 중구 청파로 426 (봉래동2가),11090.62,126.9707263,37.5588338
2334,홈플러스(주) 가양점,"서울특별시 강서구 양천로 431 (가양동, 홈플러스)",10037,126.8500697,37.5642257
2345,롯데마트 중계점,"서울특별시 노원구 노원로 330 (중계동, 롯데마트)",10479,127.070944,37.6467953
2348,홈플러스(주) 중계점,서울특별시 노원구 동일로204가길 12 (중계동),12840,127.068651,37.6398573
2356,(주)이마트 가양점,서울특별시 양천로 559 (가양이마트(E-MART)),17262.29,126.866552,37.5170178
2360,롯데쇼핑(주) 롯데마트 삼양점,서울특별시 강북구 삼양로 247 (미아동),8319.26,127.0177157,37.6255143
2374,홈플러스(주) 강서점,서울특별시 강서구  화곡로  398 (등촌동),22173,126.854833,37.5584423
2415,롯데쇼핑(주)롯데마트 청량리점,서울특별시 동대문구 왕산로 214 (전농동),10910.6,127.0482073,37.5805502
2432,홈플러스(주) 금천점,서울특별시 금천구 시흥대로 391 (독산동),29885.04,126.8968896,37.4686489
2433,홈플러스(주) 동대문점,서울특별시 동대문구 천호대로 133 (용두동),12010,127.0387742,37.5745539
2442,(주)이마트 자양점,서울특별시 광진구 아차산로 272 (자양동),11045.55,127.0729674,37.5385694
2444,롯데쇼핑(주)롯데마트 강변점,서울특별시 광진구 광나루로56길 85 (구의동),4122,127.0957117,37.5357272
2453,롯데쇼핑(주) VIC 마켓 금천점,서울특별시 금천구 두산로 71 (독산동),12561,126.8956737,37.4706198
2468,롯데쇼핑(주) 롯데마트 시화점,경기도 시흥시 마유로238번길 26 (정왕동),2512,126.7299413,37.3369702
2469,홈플러스(주)시화점,경기도 시흥시 희망공원로 269 (정왕동),19305,126.7251517,37.3452714
2473,롯데쇼핑(주) 롯데마트 시흥배곧점,"경기도 시흥시 서울대학로278번길 67 (정왕동, 롯데마트(시흥배곧점))",13550.1,126.7313226,37.3688911
2477,(주)성담유통시화 E-Mart,경기도 시흥시 정왕대로 210 (정왕동),13118.28,126.7368895,37.34592
2478,롯데쇼핑(주) 롯데마트 시흥점,경기도 시흥시 비둘기공원로 28 (대야동),7480,126.7919437,37.4429791
2496,홈플러스(주) 분당오리점,경기도 성남시 분당구 탄천상로151번길 20 (구미동),8854,127.106744,37.3408118
2523,롯데마트 판교점,경기도 성남시 분당구 대왕판교로606번길 58 (삼평동),6214.88,127.1136063,37.3954596
2528,(주)이마트분당점,경기도 성남시 분당구 불정로 134 (정자동),7772.51,127.1197946,37.3588051
2546,홈플러스(주) 야탑점,경기도 성남시 분당구 성남대로925번길 16 (야탑동),10370,127.1272932,37.4130962
2564,홈플러스(주)부천상동점,경기도 부천시 길주로 118 (상동),43872,126.7550355,37.5043258
2565,롯데쇼핑(주) 롯데마트 화정점,경기도 고양시 덕양구 화중로 66 (화정동),6916.04,126.8311323,37.6330308
2567,롯데쇼핑(주) 롯데마트 주엽점,"경기도 고양시 일산서구 중앙로 1496 (주엽동, 문촌마을11단지아파트)",9665,126.7553783,37.6734139
2579,홈플러스(주) 부천소사점,"경기도 부천시 경인로 532, HOME PLUS 소사점 (괴안동)",17585.32,126.8142904,37.4848785
2580,홈플러스 주식회사 부천여월점,경기도 부천시 소사로 663 (여월동),16035.41,126.8024097,37.5158442
2591,롯데쇼핑(주) 롯데마트 고양점,경기도 충장로 150 (롯데마트고양점),5978,127.0085837,37.2753596
2593,코스트코 홀세일 일산점,경기도 고양시 일산동구 백석2동 장백로 25,14989,126.788367,37.6405012
2594,(주)이마트 화정점,"경기도 고양시 덕양구 백양로 79 (화정동, 이마트)",8988,126.8334036,37.6326839
2595,홈플러스(주) 일산점,경기도 고양시 일산동구 중앙로1275번길 64 (장항동),12885,126.7688557,37.6590402
2620,홈플러스(주) 고양터미널점,경기도 고양시 일산동구 중앙로 1036-0 (백석동),18422.06,126.7896605,37.6431815
2622,홈플러스(주) 킨텍스점,경기도 고양시 일산서구 호수로 817 (대화동),20138,126.7510744,37.6677912
2627,홈플러스(주) 안산점,경기도 안산시 상록구 충장로 432 (성포동),18793,126.8500964,37.3173216
2647,(주)이마트 트레이더스 안산점,"경기도 안산시 단원구 중앙대로 397, 이마트트레이더스 (신길동)",9207.06,126.7849924,37.3311059
2653,홈플러스(주)안산선부점,경기도 안산시 단원구 삼일로 316 (선부동),9350.94,126.8126183,37.3337922
2658,코스트코 홀세일 광명점,"경기도 광명시 일직로 40 (일직동, costco 광명점)",13736.11,126.8864453,37.4205341
2660,(주) 이마트 광명소하점,경기도 광명시 소하로 97 (소하동),14847.87,126.8846006,37.4466381
2672,롯데마트부평역점,인천광역시 부평구 부평동 광장로 16 민자상가 2층,8082,126.7227653,37.4899072
2699,홈플러스 인천숭의점,인천광역시 남구 석정로 51 (숭의동),19460.55,126.6435088,37.4655882
2703,홈플러스(주) 인하점,인천광역시 남구 소성로 6 (용현동),15198,126.6508925,37.4472197
2715,롯데쇼핑(주)롯데마트 부평점,"인천광역시 부평구 마장로 296-0 (산곡동, 롯데마트 부평점)",13763,126.7040732,37.504985
2716,롯데쇼핑(주)롯데마트 부평역점,인천광역시 부평구 광장로 16-0 (부평동),8695,126.7227653,37.4899072
2721,롯데쇼핑(주)롯데마트 삼산점,"인천광역시 부평구 길주로 623 (삼산동, 대덕리치아노)",15652.92,126.7320394,37.5078565
2723,롯데쇼핑(주)롯데마트부평점,인천광역시 부평구 산곡동 마장로 296,1606.6,126.7040732,37.504985
2732,홈플러스(주) 간석점,"인천광역시 남동구 경원대로 971 (간석동,외 2필지)",32550.72,126.6891178,37.469608
2750,롯데쇼핑(주)롯데마트 영종도점,인천광역시 중구 흰바위로 51 (운서동),8621.42,126.4911878,37.4926725
2752,(주)이마트  동인천점,인천광역시 중구 인중로 134 (신생동),10337,126.6292253,37.4665676
2766,(주)이마트 진주점,경상남도 진주시 진양호로 477-0 (인사동),10370,128.0773942,35.1915799
2771,홈플러스 진주점,경상남도 진주시 대신로 181-1 (하대동),10708.3,128.1174641,35.1766379
2772,(주)이마트 진주점,경상남도 진주시 진양호로 477 (인사동),11028,128.0773942,35.1915799
2779,트레이더스 양산점,경상남도 양산시 평산로 16 (평산동),8027.66,129.1527522,35.3822454
2786,롯데쇼핑(주) 롯데마트 웅상점,경상남도 양산시 삼호1길 34 (삼호동),8595.08,129.166969,35.4126013
2799,(주)이마트 양산점,경상남도 양산시 양산역6길 12 (중부동),10936,129.0263775,35.3367847
2811,홈플러스 진주점,"경상남도 진주시 대신로 304, 홈플러스 (상대동)",10703,128.1177104,35.187563
2817,영주농협 파머스마켓,경상북도 영주시 구성로 25 (조암동),3514,128.6316081,36.7956083
2821,(주)이마트 동구미점,경상북도 구미시 이계북로 23 (임수동),12976.74,128.4040775,36.1063501
2825,홈플러스(주) 구미점,"경상북도 구미시 구미대로 174, 홈플러스 구미광평점 (광평동)",15376,128.3637324,36.1027841
2826,(주)이마트 구미점,경상북도 구미시 구미대로 256 (광평동),9551.12,128.3649073,36.1094861
2849,홈플러스(주) 동광주점,광주광역시 북구 동문대로 200 (두암동),15111,126.9304714,35.1794818
2863,롯데쇼핑(주)롯데마트 월드컵점,광주광역시 서구 금화로 240 (풍암동),13031,126.8768053,35.1333501
2893,(주)이마트 여의도점,서울특별시 영등포구 여의동로3길 10 (여의도동),3536.87,126.9256749,37.5181381
2909,롯데쇼핑(주) VIC마켓 영등포점,서울특별시 영등포구 영중로 125 (영등포동8가),12066.16,126.9046851,37.5278207
2929,롯데쇼핑(주) 롯데마트 양평점,서울특별시 영등포구 선유로 138 (양평동3가),18016.52,126.8915759,37.5260675
2933,코스트코 홀세일,서울특별시 영등포구 선유로 156 (양평동3가),8724.73,126.8921404,37.5276766
2935,홈플러스(주) 영등포점,서울특별시 영등포구  당산로  42 (문래동3가),35687.74,126.8958885,37.5182418
2937,(주)이마트 목동점,서울특별시 양천구 오목로 299 (목동),14074.76,126.8707163,37.5259239
2951,홈플러스(주)목동점,서울특별시 양천구 목동서로 170 (목동),19765.04,126.8733097,37.5302646
2982,(주)이마트 은평점,서울특별시 은평구 은평로 111 (응암동),16105.48,126.9201903,37.6003614
2983,(주)이마트 수색점,서울특별시 은평구 수색로 217 (수색동),6881.2,126.8986297,37.5795196
3002,(주)이마트 왕십리점,서울특별시 성동구 왕십리광장로 17 (행당동),11573,127.0384274,37.5592604
3024,코스트코홀세일 상봉점,서울특별시 중랑구 망우로 336 (상봉동),9776.28,127.0903066,37.5968756
3026,홈플러스(주) 서울 상봉점,"서울특별시 망우로 353-0 (상봉동, 프레미어스 엠코)",22618.65,126.9778779,37.5664106
3027,주식회사 이마트 묵동점,서울특별시 중랑구 동일로 932 (묵동),5100.83,127.0775805,37.6141128
3028,주식회사 이마트 상봉점,서울특별시 중랑구 상봉로 118 (망우동),9961.6,127.0935726,37.5964953
3030,홈플러스 신내점,서울특별시 중랑구 신내로 201 (신내동),11101,127.0937458,37.6158239
3047,롯데쇼핑(주) 롯데마트제주점,"제주특별자치도 제주시 연북로 1 (노형동,외 2필지)",11235.53,126.4818686,33.4824306
3048,(주)신세계 이마트 신제주점,제주특별자치도 제주시 1100로 3348 (노형동),8014,126.4804364,33.4849644
3049,(주)이마트 제주점,제주특별자치도 제주시 탑동로 38 (삼도이동),8014.22,126.5211907,33.517986
3071,(주)이마트 신제주점,제주특별자치도 제주시 1100로 3348 (노형동),7148.4,126.4804364,33.4849644
3075,롯데쇼핑(주) 롯데마트 여천점,전라남도 여수시 무선로 187 (선원동),7900,127.6514601,34.7768463
3076,(주)이마트여수점,전라남도 여수시 좌수영로 277 (오림동),8991,127.7149703,34.7579539
3079,롯데쇼핑(주) 롯데몰 여수점,"전라남도 여수시 국포1로 36 (국동, 외 4필지)",14477,127.7214925,34.7283368
3082,롯데쇼핑(주) 롯데마트 나주점,전라남도 나주시 내동길 15 (송월동),3464.47,126.7128903,35.0132524
3085,(주)이마트목포점,전라남도 목포시 옥암로 138 (옥암동),10629.42,126.4252103,34.8116248
3087,롯데쇼핑(주) 롯데마트목포점,전라남도 목포시 원형서로 15 (상동),10361.1,126.4294291,34.7972123
3101,홈플러스(주) 목포점,전라남도 목포시 영산로 313 (용당동),13780.4,126.3997027,34.8059559
3107,홈플러스 광양점,전라남도 광양시 항만11로 70 (중동),13558.2,127.6941432,34.9284818
3133,홈플러스(주)순천풍덕점,전라남도 순천시  팔마로  222 (풍덕동),16224.04,127.5087536,34.9399263
3135,뉴코아순천아울렛킴스,전라남도 순천시 비봉2길 4-12 (조례동),7061.29,127.5216867,34.9730705
3136,순천원예농협 하나로마트,전라남도 순천시 남산로 46 (남정동),416.63,127.4927001,34.9389499
3143,(주)이마트 순천점,"전라남도 순천시 팔마로 191 (덕암동,외 4필지)",9507.52,127.5084313,34.9425663
3144,홈플러스(주) 순천점,"전라남도 순천시 신월큰길 10 (조례동,외 39필지)",1489,127.5203431,34.961211
3152,김천농협 하나로마트,경상북도 김천시 자산로 147 (평화동),3679,128.1177032,36.1236116
3157,(주)이마트 김천점,경상북도 김천시 시청로 75 (신음동),6318,128.1168313,36.1349326
3160,홈플러스(주)경주점,경상북도 경주시  공단로  97 (용강동),3144.51,129.2245406,35.8735509
3161,홈플러스 경산점,경상북도 경산시 경안로 288 (중방동),23380.29,128.7356464,35.8328258
3165,(주)이마트경산점,경상북도 옥산로 227,15129,128.710415,36.5045828
3224,이마트 하월곡점,"서울특별시 성북구 종암로 167,  동 (하월곡동)",19201,127.0310261,37.6046122
3225,홈플러스 월곡점,"서울특별시 성북구 화랑로 76 (하월곡동, 코업스타클래스)",17817,127.04045,37.601869
3226,이마트 미아점,"서울특별시 성북구 도봉로 17, 신세계 이마트 미아점 (길음동)",10006,127.0296196,37.6108809
3229,이마트 미아점,서울특별시 성북구  도봉로  17 (길음동),18964,127.0296196,37.6108809
3241,이마트 하월곡점,"서울특별시 성북구 종암로 167 (하월곡동, 동일하이빌뉴시티아파트)",10745,127.0310261,37.6046122
3242,이마트 미아점,서울특별시 성북구 도봉로 17 (길음동),10006,127.0296196,37.6108809
3258,(주)이마트 서귀포점,"제주특별자치도 서귀포시 일주동로 9209 (법환동,외 21필지)",7537.19,126.5091172,33.2483316
3259,홈플러스(주) 서귀포점,제주특별자치도 서귀포시 중앙로 180 (동홍동),6441,126.5602045,33.2607266
3269,롯데쇼핑(주) 롯데마트 남원점,전라북도 춘향로 96,8288.38,127.1086961,35.8204789
3272,롯데쇼핑(주) 롯데마트 정읍점,"전라북도 정읍시 벚꽃로 85 (농소동,외 15필지)",11219.01,126.839809,35.5793041
3291,(주) 이마트 통영점,경상남도 통영시 광도면 죽림4로 9,8958.72,128.4176442,34.887015
3292,롯데쇼핑(주)롯데마트통영점,경상남도 통영시 무전대로 65 (무전동),8638.05,128.4282177,34.8605921
3300,(주)이마트영천점,경상북도 영천시 최무선로 83 (오수동),4970.27,128.9105208,35.9582508
3308,코스트코 홀세일 부산점,"부산광역시 수영구 구락로 137 (망미동, 코스트코홀세일 부산점)",11001.87,129.115253,35.1784835
3309,메가마트 남천점,부산광역시 수영구 황령대로 521 (남천동),19000.58,129.1110036,35.1372573
3313,홈플러스(주) 영도점,부산광역시 영도구 대교로14번길 57 (봉래동2가),5340.15,129.04421,35.0959094
3317,롯데마트 광복점,부산광역시 중구 중앙대로 2 (중앙동7가),12347,129.0367835,35.0983889
3346,코스트코 홀세일 하남점,경기도 하남시 풍산동 344-1,14625.31,127.1936289,37.5507001
3349,홈플러스(주)하남점,경기도 하남시 신장동 570,10350,127.2129158,37.5375757
3352,홈플러스(주) 경기하남점,"경기도 하남시 하남대로 747 (신장동, 홈플러스 하남점)",10650,127.2129158,37.5375757
3353,이마트의왕점,"경기도 의왕시 경수대로 262 (오전동, 서해그랑블)",9875.45,126.9735792,37.3503731
3354,(주)이마트 양주점,경기도 양주시 평화로 1713 (회정동),8889.61,127.0538475,37.8417472
3357,롯데쇼핑(주) 롯데마트 의왕점,"경기도 의왕시 계원대학로 7 (내손동, 롯데마트)",11672,126.9728971,37.3805438
3370,롯데마트군산점,전라북도 군산시 수송로 185 (수송동),14381,126.716417,35.9647452
3371,(주)이마트군산점,전라북도 군산시 구암3.1로 137 (경암동),13871,126.7349975,35.9828053
3372,홈플러스(주) 김제점,전라북도 김제시 금성로 114 (검산동),13766.59,126.9031992,35.7999786
3385,(주)메가마트 언양점,울산광역시 울주군 삼남면 반구대로 612,7632.96,129.1174865,35.5469355
3394,롯데쇼핑(주) 롯데마트 김해점,경상남도 김해시 김해대로 2330 (부원동),11249.63,128.882049,35.2255482
3396,메가마트 김해점,경상남도 김해시 김해대로2492번길 20 (삼정동),14842,128.9007903,35.2266181
3399,롯데마트 장유점,경상남도 김해시 번화1로56번길 15 (대청동),11125.31,128.8012852,35.1930103
3401,홈플러스(주) 김해점,경상남도 김해시 김해대로 2078 (내동),31040.36,128.8702497,35.2418858
3420,홈플러스 부산 연산점,"부산광역시 연제구 반송로 88 (연산동,외19필지)",20510,129.0893455,35.190951
3422,홈플러스 주식회사 아시아드점,부산광역시 연제구 종합운동장로 7 (거제동),32040,129.0620089,35.191266
3432,트레이더스 연산점,부산광역시 연제구 연산9동 좌수영로 241,16285.08,129.1119507,35.185094
3439,롯데쇼핑(주)롯데마트 노은점,대전광역시 유성구 북유성대로 206 (하기동),10119.72,127.3215222,36.3843649
3440,홈플러스(주)서대전점,대전광역시 유성구 대정로 23 (대정동),15013,127.3190279,36.3137204
3441,롯데쇼핑(주)롯데마트 대덕테크노밸리점,대전광역시 유성구 테크노중앙로 14 (관평동),18409.34,127.3869827,36.4269596
3442,홈플러스(주)유성점,대전광역시 유성구 한밭대로 502 (봉명동),21569.82,127.3541828,36.35841
3443,롯데쇼핑(주) 롯데마트 서대전점,대전광역시 유성구 유성대로 26-37 (원내동),16205.68,127.3248211,36.300514
3460,홈플러스 대구 수성점,대구광역시 수성구 동대구로 95 (두산동),7281,128.6230945,35.8387617
3470,(주)이마트 만촌점,대구광역시 수성구 동원로 136 (만촌동),10578.56,128.6369682,35.8711004
3487,홈플러스(주)  상인점,대구광역시 달서구 월배로 183 (상인동),12332,128.5332296,35.8181931
3488,홈플러스(주) 성서점,대구광역시 달서구 달구벌대로 1467 (용산동),18179,128.5274052,35.8494498
3490,(주)이마트 감삼점,대구광역시 달서구 와룡로 143 (감삼동),9013.42,128.5363568,35.8454804
3491,(주)이마트 성서점,대구광역시 달서구 이곡동로 24 (이곡동),10162.4,128.5101705,35.8533007
3515,(주)이마트 월배점,대구광역시 달서구 진천로 92 (대천동),16163.35,128.5236173,35.8171808
3519,(주)이마트 반야월점,대구광역시 동구 안심로 389-2 (신서동),16445.98,128.727404,35.8707851
3525,코스트코 홀세일 대구점,대구광역시 동구 첨단로 10,12921,128.73075,35.8770109
3551,홈플러스 주식회사 동촌점,대구광역시 동구 동촌로 127 (검사동),11787.54,128.6556957,35.8861146
3553,김포농협 농수축산물판매장,"경기도 김포시 홍도평로 20, 김포농협 농수축산물판매장 (걸포동)",7183.43,126.7130031,37.6315761
3562,롯데마트 터미널점,"충청남도 아산시 번영로 225, 아산시외버스터미널복합시설 (모종동)",0,127.0159492,36.7846987
3564,(주)이마트 용인점,경기도 용인시 처인구 명지로 53 (역북동),6252.59,127.1891524,37.2314721
3566,홈플러스(주)오산점,경기도 오산시 청학로 238 (수청동),19241.74,127.0617793,37.17014
3569,(주)이마트 죽전점,경기도 용인시 수지구 포은대로 552 (죽전동),13659.57,127.1099853,37.3253106
3573,이마트 의정부점,"경기도 의정부시 민락로 210 (민락동, 이마트)",13784.64,127.1023502,37.7431869
3577,홈플러스의정부점,경기도 의정부시 청사로 38 (금오동),32677.65,127.0709899,37.7521612
3580,롯데마트의정부점,경기도 의정부시 산단로76번길 116 (용현동),10990,127.0842348,37.7427862
3582,코스트코 홀세일 의정부점,경기도 의정부시 용민로489번길 9 (민락동),13503.11,127.1191719,37.7512788
3583,롯데마트장암점,경기도 의정부시 장곡로 224 (장암동),6406.64,127.0530484,37.7236995
3595,롯데쇼핑(주)롯데마트 경기양평점,경기도 양평군 남북로 76-0,6085.75,127.5026497,37.4894662
3618,(주)이마트평촌점,경기도 안양시 동안구 시민대로 300 (관양동),10130,126.9636774,37.3949164
3623,이마트 하남점,경기도 하남시 덕풍서로 70 (덕풍동),14148.62,127.2053884,37.5527531
3627,홈플러스 주식회사(계룡점),충청남도 계룡시 계룡대로 304 (금암동),7521,127.2571217,36.2739584
3632,롯데쇼핑(주)롯데마트 홍성점,충청남도 홍성군 홍성읍 조양로247번길 9,6086,126.6760931,36.6009127
3633,이마트 서북점,충청남도 천안시 서북구 삼성대로 20 (백석동),14805.79,127.1223394,36.8385645
3634,이마트  천안터미널점,충청남도 천안시 동남구 만남로 43 (신부동),6138.86,127.1562342,36.8199576
3636,홈플러스 천안점,"충청남도 천안시 동남구 천안대로 574, 홈플러스 (구성동)",10350,127.1653479,36.7992141
3638,롯데쇼핑(주)롯데마트성정점,충청남도 천안시 서북구 성정두정로 1 (성정동),12126.78,127.1400902,36.8262763
3640,이마트 천안점,"충청남도 천안시 서북구 충무로 187, E 마트 (쌍용동)",11786,127.1270842,36.7959206
3648,롯데쇼핑(주)롯데마트천안점,충청남도 천안시 서북구 월봉로 95 (쌍용동),1023.7,127.1173987,36.8001927
3649,코스트코 홀세일 천안점,충청남도 천안시 서북구 3공단6로 77 (차암동),13610,127.1054066,36.8427278
3650,이마트 펜타포트점,충청남도 천안시 서북구 공원로 196 (불당동),10590,127.1015944,36.7986235
3672,홈플러스(주) 전주효자점,전라북도 전주시 완산구 용머리로 31 (효자동1가),22657,127.1141627,35.806558
3676,(주)이마트 전주점,전라북도 전주시 완산구 당산로 111 (서신동),6571.04,127.1204593,35.8325619
3678,홈플러스 주식회사 전주점,전라북도 전주시 덕진구 백제대로 771 (우아동3가),8890.4,127.1528962,35.8475042
3679,롯데쇼핑(주)롯데마트 전주송천점,전라북도 전주시 덕진구 송천중앙로 82 (송천동1가),10386.54,127.1203833,35.854481
3680,롯데쇼핑(주) 롯데마트 전주점,전라북도 전주시 완산구 우전로 240 (효자동2가),10429,127.102512,35.816368
3681,홈플러스 주식회사 전주완산점,전라북도 전주시 완산구 기린대로 170 (중노송동),12591,127.1501178,35.823609
3685,(주)이마트 울산점,울산광역시 남구 남중로 48 (삼산동),12242.17,129.3484238,35.5379405
3688,홈플러스 주식회사 울산남구점,울산광역시 남구 수암로 148 (야음동),28885,129.3227064,35.5263732
3694,홈플러스테스코(주)울산북구점,울산광역시 북구 신답로 26 (상안동),0,129.3448249,35.630075
3697,롯데마트 울산점,울산광역시 남구 삼산로 74 (달동),10704,129.3156739,35.5339039
3711,(주)이마트 안동점,경상북도 안동시 옥동1길 2 (옥동),7639.69,128.699402,36.5584773
3712,홈플러스(주) 안동점,경상북도 안동시 경동로 656 (운흥동),19660,128.7295693,36.5626584
3715,롯데쇼핑(주)롯데마트사상점,부산광역시 사상구 낙동대로 733 (엄궁동),14645,128.9683713,35.1275831
3720,(주)이마트 사상점,부산광역시 사상구 광장로 17 (괘법동),17652,128.978893,35.1642215
3724,홈플러스(주)서부산점,부산광역시 사상구 광장로 7 (괘법동),10310,128.9777082,35.1642761
3748,롯데쇼핑(주)롯데마트화명점,"부산광역시 북구 화명대로 47 (화명동, 롯데마트(화명점))",8579.51,129.0130109,35.2351595
3759,홈플러스(주) 문화점,대전광역시 중구 계백로 1690 (문화동),11745.57,127.4076874,36.320285
3762,코스트코 홀세일 대전점,대전광역시 중구  오류로  41 (오류동),13103.77,127.403505,36.3239954
3781,(주)이마트 칠성점,대구광역시 북구 침산로 93 (칠성동2가),8651.61,128.5897544,35.8851586
3790,(주)홈플러스 칠곡점,대구광역시 북구 동암로12길 8 (동천동),14022,128.5558597,35.944915
3803,홈플러스(주) 대구점,대구광역시 북구 중앙대로 543 (칠성동2가),20207.18,128.5957064,35.8813076
3809,코스트코 홀세일,대구광역시 북구 검단로 97 (산격동),11525.46,128.6181287,35.9063319
3007,(주)이마트 성수점,서울특별시 뚝섬로 379,17318,126.9778779,37.5664106
1105,(주)이마트 보라점,경기도 용인시 기흥구 한보라1로 92 (보라동),7116.1,127.1052083,37.2475649
1143,(주) 이마트 보령점,충청남도 보령시 해안로 25 (궁촌동),8061.15,126.5888897,36.3439375
2005,홈플러스(주)계림점,광주광역시 동구 무등로 314 (계림동),11182,126.916636,35.1614484
2217,(주)이마트 포항점,경상북도 포항시 남구 냉천로 10 (인덕동),12499.62,129.398927,35.9913581
2576,(주)이마트중동점,경기도 부천시 석천로 188 (중동),12833.18,126.763952,37.504068
2610,(주)이마트 킨텍스 쇼핑센타,"경기도 고양시 일산서구 킨텍스로 171 (대화동, 이마트타운)",27094.76,126.7440609,37.6615809
2611,이마트 풍산점,경기도 고양시 일산동구 무궁화로 237 (중산동),12545,126.7871447,37.673853
2739,홈플러스(주)구월점,인천광역시 남동구 예술로 198 (구월동),12117.34,126.7019626,37.4517923
2816,홈플러스영주점,경상북도 영주시 대학로 29 (휴천동),9940,128.6212852,36.8091353
3029,홈플러스(주)면목점,서울특별시 중랑구 사가정로 332 (면목동),8128.82,127.0811837,37.5808565
3283,홈플러스 주식회사 울산동구점,울산광역시 동구 방어진순환도로 637 (일산동),12494,129.4274464,35.4989423
3589,홈플러스(주)송우점,경기도 포천시 소흘읍 솔모루로 9,10845,127.1413067,37.8242891
3603,홈플러스(주) 평촌점,"경기도 안양시 동안구 동안로 162 (비산동, 홈플러스)",6389.5,126.9504189,37.3932767
3613,홈플러스(주) 안양점,경기도 안양시 동안구 엘에스로 92 (호계동),11034.15,126.9506715,37.3719148
1368,홈플러스(주) 세종점,세종특별자치시 절재로 154 (어진동),23716,127.2588939,36.5074062
1844,홈플러스 인천송도점,인천광역시 연수구 송도국제대로 165-0 (송도동),29337,126.6563729,37.3802274
2027,(주)이마트 통영점,"경상남도 통영시 광도면 죽림4로 9, 이마트통영점",0,128.4176442,34.887015
3156,롯데쇼핑(주) 롯데마트 김천점,경상북도 김천시 시청로 80 (신음동),9111.86,128.1177884,36.1359682
3437,(주)지에스리테일 대전송강점,대전광역시 유성구 구즉로58번길 33 (송강동),1217.4,127.3872958,36.4339458
3464,롯데쇼핑(주)롯데슈퍼 수성점,대구광역시 수성구 수성로 227 (중동),2534.6,128.6120571,35.8457857
3465,롯데 프리미엄 푸드마켓 황금점,"대구광역시 수성구 청수로 235, 종합상가동 (황금동, 캐슬골드파크 2단지)",1368.4,128.6334449,35.8416369
3556,노브랜드 강서마곡점,"서울특별시 강서구 마곡서로 101, 동익드미라벨복합빌딩 (마곡동)",0,126.8236077,37.5626675
3557,㈜이마트에브리데이 양천향교역점,"서울특별시 강서구 허준로 16-12, 동남빌딩 (가양동)",0,126.8432695,37.5699168
3558,롯데쇼핑㈜ 마켓999 양천향교역가맹점,"서울특별시 강서구 양천로 344, 마곡센트럴대방디엠시티오피스텔 121-1,2호 (마곡동)",0,126.8403632,37.5682664
3559,이마트에브리데이 마곡점,"서울특별시 강서구 마곡서로 158, 마곡센트럴타워Ⅱ 103~110, 118, 119호 (마곡동)",0,126.825424,37.5680917
3560,노브랜드 강서가양점,서울특별시 강서구 양천로 410 (가양동),0,126.8467183,37.5650219
3572,롯데슈퍼 신곡점,경기도 의정부시 동일로 583 (신곡동),1318.5,127.0561963,37.7402314
3593,(주)이마트에브리데이 영북점,경기도 포천시 영북면 영북로 178,643.4,127.2752449,38.0901722
3597,롯데쇼핑(주)롯데슈퍼 안양비산점,"경기도 안양시 동안구 동안로 271 (비산동, 뉴타운아파트상가동)",435.7,126.9457252,37.40184
3598,홈플러스(주)익스프레스 안양호계점,경기도 안양시 동안구 경수대로 428 (호계동),241.89,126.9625236,37.3622608
3599,홈플러스(주)익스프레스 안양점,경기도 안양시 만안구 냉천로 7 (안양동),232.7,126.9291599,37.3825076
3600,홈플러스(주)익스프레스 안양석수점,경기도 안양시 만안구 충훈로 88 (석수동),302.27,126.8985683,37.408132
3601,(주)이마트에브리데이 비산동점,"경기도 안양시 동안구 학의로 20, 1동 지하층 제1호 (비산동, 관악타운 종합상가 )",797.47,126.9432513,37.3946275
3602,롯데쇼핑(주)롯데슈퍼 안양점,경기도 안양시 만안구 안양로329번길 108 (안양동),1365.5,126.9131358,37.4013557
3616,(주)지에스리테일 GS수퍼 안양메가트리아점,"경기도 안양시 만안구 태평로52번길 21, 지층 B103, B104호 (안양동)",893.16,126.9304986,37.3955761
3690,Emarteveryday 울산야음점,"울산광역시 남구 대암로 69, 107동 B101호 (야음동, 신정현대프라자)",718.86,129.3238916,35.5307315
3691,(주)지에스리테일 울산신정점,울산광역시 남구 동산로29번길 4-0 (신정동),468.68,129.2993385,35.5363163
3713,(주)농협부산경남유통 하나로클럽주례점,부산광역시 사상구 냉정로 120 (주례동),1230.24,129.0132628,35.1493093
3717,(주)지에스리테일신주례점,"부산광역시 사상구 백양대로342번길 17, 상가동 지하1호 (주례동, 신주례엘지아파트)",558,129.0133404,35.1537976
3756,홈플러스(주)익스프레스 유천점,"대전광역시 중구 평촌로 58, 동양빌딩 (유천동)",373.8,127.3935251,36.3212234
3757,홈플러스(주)익스프레스 오류점,대전광역시 중구 계룡로 858 (오류동),462.8,127.4097955,36.324279
2004,(주)이마트 동광주점,광주광역시 동구 중앙로 358 (계림동),6100,126.9202363,35.1639323
3270,이마트 남원점,"전라북도 남원시 남문로 385-16, 1층 (왕정동, 이마트 남원점)",2889,127.3747594,35.4076068
3271,이마트 남원점,전라북도 남원시 남문로 385-16 (왕정동),2949.75,127.3747594,35.4076068
3436,홈플러스(주) 광안점,부산광역시 수영구 수영로 625 (광안동),1739,129.1135631,35.1616343
3796,홈플러스 칠곡IC점,대구광역시 북구 관음동 1369-1호,0,128.5399738,35.9347666
25,월마트슈퍼센타 중동점,경기도 부천시 석천로 188 (중동),13770,126.763952,37.504068
38,롯데쇼핑(주) 롯데마트 의왕점,경기도 의왕시 내손동 743,11003.35,126.9728971,37.3805438
40,월마트 비산점,대구광역시 서구 비산동 1612-3번지 9호,9375,128.55531,35.8900637
41,신세계 이마트 수지점,경기도 용인시 수지구 신봉동 수지로 203,11448,127.083334,37.3197457
1065,킴스클럽평택점,경기도 평택시 비전동 경기대로 279,,127.1125168,36.9955968
1122,롯데쇼핑(주)롯데마트 아산점,충청남도 아산시 모종동 번영로 225,15518,127.0159492,36.7846987
1189,삼성테스코(주)홈플러스삼척점,강원도 삼척시 중앙로 258 (당저동),13710.13,129.1682984,37.4464153
1400,(주)신세계마트 이마트 마산점,경상남도 창원시 마산합포구 서성로 3 (중앙동3가),0,128.5698425,35.197881
1407,신세계 이마트 창원점,경상남도 창원시 성산구 원이대로 608 (중앙동),10909,128.6801495,35.2265084
1473,(주)신세계이마트마산점,경상남도 창원시 마산합포구 서성로 3 (중앙동3가),0,128.5698425,35.197881
1549,삼성테스코(주) 홈플러스 동대전점,"대전광역시 동구 한밭대로 1282 (용전동,외 25필지)",11572.63,127.437349,36.3538106
1694,신세계 이마트 검단점,인천광역시 서구 당하동 서곶로 754,1616.86,126.6766272,37.5854566
1747,롯데마트 검단점,인천광역시 서구 검단1동 원당대로 581,10964.68,126.6644976,37.5945283
2150,신세계이마트상무점,광주광역시 서구 운천로 263 (치평동),15306,126.8541631,35.1557177
2551,홈플러스테스코 일산점,경기도 고양시 일산동구 중앙로 1333,12733.77,126.7689665,37.6639969
2670,(주)이마트 부평점,인천 부평구 주부토로 241,0,126.7259275,37.5167559
2720,롯데쇼핑(주)롯데마트삼산점,인천광역시 부평구 삼산동 길주로 623,15652.92,126.7320394,37.5078565
2798,롯데쇼핑(주)롯데마트 웅상점,경상남도 양산시 삼호동 삼호1길 34,0,129.166969,35.4126013
2907,신세계 이마트 여의도점,"서울특별시 영등포구 여의동로3길 10 (여의도동,여의도자이(아) 지하 1층)",3536.87,126.9256749,37.5181381
3230,신세계이마트미아점,서울특별시 성북구 길음동 도봉로 17,10006,127.0296196,37.6108809
3373,홈플러스 김제점,전라북도 김제시 검산동 841,13766.59,126.9031985,35.8000326
3578,롯데쇼핑(주) 마그넷 의정부점,경기도 의정부시 산단로76번길 116 (용현동),9734.6,127.0842348,37.7427862
3788,신세계이마트 칠성점,대구광역시 북구 침산로 93 (칠성동2가),8651.61,128.5897544,35.8851586
